word,form,qwerd,keyer,chord,usage
seeing,s-e-\-h,segi,i,egis,6
sees,s-e-s,seso,,eos,6
phones,f-o-n-s,fons,,fnos,7
phoning,f-o-n-\-h,fong,,fgno,7
down,d-n,dno,o,cdno,18
downside,d-n-s-i,dnsi,,dins,18
downsides,d-n-s-i-s,dnsis,,dins,18
of,o,o,,,24
you're,u-r,ur,,ru,39
being,b-\-h,bg,,bcg,41
but,b,bu,u,bcu,50
someday,s-m-d-a,smda,,adms,54
they'd,th-e-d,heod,,deho,54
they're,th-e-r,heor,,ehor,54
they've,th-e-v,heov,,ehov,54
wouldn't,d-n-t,dntooo,,dnt,54
timed,tm-d,tmd,,mtvd,93
timing,tm-\-h,tmg,,mtvg,93
timings,tm-\-h-s,tmgs,,mtvgs,93
should,sh-d,zd,,dz,97
muster,m-u-s-t-e2,muste,,emstu,103
mustered,m-u-s-t-e2-d,musted,,emstud,103
mustering,m-u-s-t-e2-\-h,musteg,,emstug,103
musters,m-u-s-t-e2-s,mustes,,emstus,103
rework,r-e-r-k,rerk,,ekr,132
reworked,r-e-r-k-d,rerkd,,dekr,132
reworking,r-e-r-k-\-h,rerkg,,egkr,132
reworks,r-e-r-k-s,rerks,,ekrs,132
workable,r-k-b,rkb,,bkr,132
workably,r-k-b-e,rkbe,,bekr,132
working,r-k-\-h,rkg,,gkr,132
workings,r-k-\-h-s,rkgs,,gkrs,132
works,r-k-s,rks,,krs,132
backed up,b-a-k-p-d,bakpd,,abkpd,148
backend,b-a-k-n-t,baknt,,abknt,148
backended,b-a-k-n-t-d,bakntd,,abkntd,148
backends,b-a-k-n-t-s,baknts,,abknts,148
backing up,b-a-k-p-\-h,bakpg,,abkpg,148
backup,b-a-k-p,bakp,,abkp,148
backups,b-a-k-p-s,bakps,,abkps,148
don't,d-o-n,don,,dno,188
i'm,i-m,im,,cim,188
god,g,gu,u,gu,202
sets,s2-e-t-s,sets,,eosts,207
setting,s2-e-t-\-h,setg,,estg,207
settings,s2-e-t-\-s,setso,o,eost,207
finder,f-i-r,fir,,fir,208
finders,f-i-r-s,firs,,firs,208
finding,f-i-\-h,fig,,fgi,208
findings,f-i-\-h-s,figs,,fgis,208
finds,f-i-s,fis,,fis,208
lookup,l-u-k-p,lukp,,klpu,216
lookups,l-u-k-p-s,lukps,,klpsu,216
all-nighter,o-n-i-r,onir,,inor,217
all-nighters,o-n-i-r-s,onirs,,inors,217
homework,^-h-\-o-m-r-k,homrk,,hkmor,246
presented,pr-d,prd,,dpr,276
presenter,pr-r,prr,,cpr,276
presenting,pr-\-h,prg,,gpr,276
poorer,p-u-r,pur,,pru,282
poorest,p-u-s-t,pust,,pstu,282
certainly,s2-e-tn-e,setne,,enst,283
certainties,s2-e-tn-t-e-s,setntes,,enst,283
certainty,s2-e-tn-t-e,setnte,,enst,283
read,r-e-d,redw,w,derw,323
downpour,dn-p-o-r,dnpor,,dnopr,324
outpouring,a-u-p-o-r-\-h,wporg,,goprw,324
pour,p-o-r,por,,opr,324
poured,p-o-r-d,pord,,dopr,324
pouring,p-o-r-\-h,porg,,gopr,324
pours,p-o-r-s,pors,,oprs,324
kinged,k-e-ng-d,kegd,,egkd,357
kinging,k-e-ng-\-h,kegg,,egkg,357
kingliness,k-e-ng-e-n-e-s,kegenes,,egkns,357
kingly,k-e-ng-e,kege,,egke,357
kings,k-e-ng-s,kegs,,egks,357
kingship,k-e-ng-/-sh,kegz,,egkz,357
seconding,s2-e-k-nt-\-h,sekntg,,egknst,373
secondly,s2-e-k-nt-e,seknte,,eknst,373
seconds,s2-e-k-nt-s,seknts,,eknst,373
calls,k-o-s,kos,,kozs,386
shortest,^-sh-\-s-t,zst,,stz,422
shorts,^-sh-\-s,zso,o,osz,422
shortsighted,^-sh-\s-i-td,zsitd,,distz,422
shortsightedly,^-sh-\s-i-td-e,zsitde,,deistz,422
meaning,m-e-n-\-h,meng,,emnog,424
meaningful,m-e-n-\-h-\-f,mengf,,efgmn,424
meaningfully,m-e-n-\-h-\-f-e,mengfe,,efgmne,424
meaningless,m-e-n-\-h-\-l,mengl,,eglmn,424
meaninglessness,m-e-n-\-h-\-l-n-e-s,menglnes,,eglmns,424
meanings,m-e-n-\-h-s,mengs,,emnogs,424
meanness,m-e-n-n-e-s,mennes,,emns,424
questionable,k-n-b,qnb,,bnq,430
questioned,k-n-d,qnd,,dnq,430
questioner,k-n-r,qnr,,nqr,430
questioning,k-n-\-h,qng,,gnq,430
questionings,k-n-\-h-s,qngs,,gnqs,430
questions,k-n-s,qns,,nqs,430
unquestionable,n-k-n-b,nqnb,,bnq,430
unquestionably,n-k-n-b-e,nqnbe,,benq,430
unquestioned,n-k-n-d,nqnd,,dnq,430
unquestioning,n-k-n-\-h,nqng,,gnq,430
coming,k-m-\-h,kmg,,gkm,435
turnover,t-e-n-o,teno,,enot,460
turnovers,t-e-n-o-s,tenos,,enots,460
understandable,u-/-s2-tn-b,ustnb,,bnstu,467
understandably,u-/-s2-tn-b-e,ustnbe,,benstu,467
understanding,u-/-s2-tn-\-h,ustng,,gnstu,467
understandings,u-/-s2-tn-s-\-h,ustngs,,gnstu,467
understands,u-/-s2-tn-s,ustns,,nstu,467
overwritten,o-r-e-tn,oretn,,enort,469
accountable,a-k-t-b,aktb,,abkt,481
accountably,a-k-t-b-e,aktbe,,abekt,481
accounted,a-k-t-d,aktd,,adkt,481
accounting,a-k-t-\-h,aktg,,agkt,481
accounts,a-k-t-s,akts,,akst,481
positioned,p-o-sh-d,pozd,,dopz,556
positioning,p-o-sh-\-h,pozg,,gopz,556
positions,p-o-sh-s,pozs,,opsz,556
americans,a-m-n-s,amns,,amns,561
sounding,s2-nt-\-h,sntg,,gnst,567
soundings,s2-nt-\-h-s,sntgs,,gnst,567
sounds,s2-nt-s,snts,,nst,567
unsound,n-s2-nt,nsnt,,nst,567
notebook,n-o-t-b-k,notbk,o,bknot,584
notebooks,n-o-t-b-k-s,notbks,o,bknost,584
notes,n-o-t-s,nots,,nost,584
noting,n-o-t-\-h,notog,o,gnot,584
importantly,m-p-e,mpe,,emp,598
serviceable,^-s2-b,sb,,bcs,601
serviceably,^-s2-b-e,sbe,,bes,601
serviced,^-s2-d,sd,,cds,601
servicing,^-s2-\-h,sg,,cgs,601
agreements,^-ya-m-s,yams,,amsy,631
papered,p-a-pr-d,paprd,,adpr,649
papering,p-a-pr-\-h,paprg,,agpr,649
paperwork,p-a-pr-k,paprk,,akpr,649
paperworked,p-a-pr-k-d,paprkd,,adkpr,649
paperworking,p-a-pr-k-\-h,paprkg,,agkpr,649
paperworks,p-a-pr-k-s,paprks,,akprs,649
singled,s2-e-ng-d,segd,,degs,672
singleton,s2-e-ng-tn,segtn,,egnst,672
singletons,s2-e-ng-tn-s,segtns,,egnst,672
singling,s2-e-ng-\-h,segg,,egs,672
singly,s2-e-ng-e,sege,,egs,672
captains,k-a-p-tn-s,kaptns,,aknpst,687
follow up,f-o-p,fop,,fop,696
follower,f-o-r,foru,u,foru,696
followers,f-o-r-s,fors,,fors,696
following,f-o-\-h,fog,,fgo,696
following up,f-o-p-\-h,fopg,,fgop,696
windowed,u-e-nt-o-d,uentod,,enotud,721
windowing,u-e-nt-o-\-h,uentog,,enotug,721
windowless,u-e-nt-o-l-s,uentols,,elnostu,721
windows,u-e-nt-o-s,uentos,,enotus,721
outage,a-u-j,wj,,wj,730
outages,a-u-j-s,wjs,,wjs,730
config,k-f-e-g,kfeg,,efgk,735
configed,k-f-e-g-d,kfegd,,defgk,735
configing,k-f-e-g-\-h,kfegg,,efgk,735
configs,k-f-e-g-s,kfegs,,efgks,735
configuration,k-f-e-g-r-sh,kfegrz,,efgkrz,735
configurations,k-f-e-g-r-sh-s,kfegrzs,,efgkrsz,735
configure,k-f-e-g-r,kfegr,,efgkr,735
configured,k-f-e-g-r-d,kfegrd,,defgkr,735
configures,k-f-e-g-r-s,kfegrs,,efgkrs,735
configuring,k-f-e-g-r-\-h,kfegrg,,efgkr,735
disfigure,d-s-f-e-g-r,dsfegr,,defgrs,735
disfigured,d-s-f-e-g-r-d,dsfegrd,,defgrs,735
disfigurement,d-s-f-e-g-r-m,dsfegrm,,defgmrs,735
disfigurements,d-s-f-e-g-r-m-s,dsfegrms,,defgmrs,735
disfiguring,d-s-f-e-g-r-\-h,dsfegrg,,defgrs,735
figurative,f-e-g-r-a-df,fegradf,,adefgr,735
figuratively,f-e-g-r-a-df-e,fegradfe,,adefgr,735
figures,f-e-g-r-s,fegrs,,efgrs,735
figuring,f-e-g-r-\-h,fegrg,,efgr,735
agreed,^-ya-d,yad,,ady,746
agreeing,^-ya-\-h,yag,,agy,746
agrees,^-ya-s,yas,,asy,746
commanded,k-m-a-n-d,kmand,,akmnd,822
commander,k-m-a-n-\-r,kmanr,,akmnr,822
commanders,k-m-a-n-\-r-s,kmanrs,,akmnrs,822
commanding,k-m-a-n-\-h,kmang,,akmng,822
commando,k-m-a-n-o,kmano,,akmno,822
commands,k-m-a-n-s,kmans,,akmns,822
resultant,r-s2-u-nt,rsunt,,nrstu,837
resulting,r-s2-u-\-h,rsug,,grsu,837
dating,td-\-h,ddg,,duxg,884
conversational,k-v-e-sh-l,kvezl,,eklvz,888
conversations,k-v-e-sh-s,kvezs,,eksvz,888
directions,d-r-k-sh-s,drkzs,,dkrsz,907
redirection,r-e-d-r-k-sh,redrkz,,dekrz,907
redirections,r-e-d-r-k-sh-s,redrkzs,,dekrsz,907
authorities,o-th2-/-r-s,ohrso,o,hors,938
authoritys,o-th2-/-r-s,ohrs,,hors,938
breaking,br-a-k-\-h,brakg,,abgkr,981
overstate,o-/-s2-t,ost,,ost,1000
overstated,o-/-s2-t-d,ostd,,ostd,1000
overstates,o-/-s2-t-s,osts,,osts,1000
overstating,o-/-s2-t-\-h,ostg,,ostg,1000
successes,s2-u-k-s,suks,,ksu,1001
succession,s2-u-k-sh,sukz,,ksuz,1001
successions,s2-u-k-sh-s,sukzs,,ksuz,1001
successive,s2-u-k-v,sukv,,ksuv,1001
successively,s2-u-k-v-e,sukve,,eksuv,1001
successor,s2-u-k-\-r,sukr,,krsu,1001
successors,s2-u-k-\-r-s,sukrs,,krsu,1001
completely,kp-e,kpe,,ekp,1081
completeness,kp-n-s,kpns,,knps,1081
completes,kp-s,kps,,kps,1081
incomplete,n-kp,nkp,,knp,1081
incompletely,n-kp-e,nkpe,,eknp,1081
proved,pr-v-d,prvd,,dprv,1144
proves,pr-v-s,prvs,,prsv,1144
proving,pr-v-\-h,prvg,,gprv,1144
surprised,s-e-pr-i-s-d,seprisd,,deiprs,1168
surprises,s-e-pr-i-s-s,sepriss,,eiprs,1168
surprising,s-e-pr-i-s-\-h,seprisg,,egiprs,1168
surprisingly,s-e-pr-i-s-\-h-e,seprisge,,egiprs,1168
searchability,s2-e-ch-\-b,secbo,o,bceos,1201
searchable,s2-e-ch-b,secb,,bces,1201
searchably,s2-e-ch-b-e,secbe,,bces,1201
searched,s2-e-ch-d,secd,,cdes,1201
searcher,s2-e-ch-e2,sece,,ces,1201
searchers,s2-e-ch-e2-s,seces,,ces,1201
searches,s2-e-ch-s,secs,,ces,1201
searching,s2-e-ch-\-h,secg,,cegs,1201
searchlight,s2-e-ch-l-i,secli,,ceils,1201
searchlights,s2-e-ch-l-i-s,seclis,,ceils,1201
secured,s2-e-k-r-d,sekrd,,dekrs,1260
secures,s2-e-k-r-s,sekrs,,ekrs,1260
securing,s2-e-k-r-\-h,sekrg,,egkrs,1260
directed,d-r-k-d,drkd,,dkr,1429
directing,d-r-k-\-h,drkg,,dgkr,1429
directly,d-r-k-e,drke,,dekr,1429
directness,d-r-k-n-s,drkns,,dknrs,1429
directs,d-r-k-s,drks,,dkrs,1429
redirect,r-e-d-r-k,redrk,,dekr,1429
redirected,r-e-d-r-k-d,redrkd,,dekr,1429
redirecting,r-e-d-r-k-\-h,redrkg,,degkr,1429
redirects,r-e-d-r-k-s,redrks,,dekrs,1429
addresses,a-d-r-s,adrs,,adrs,1549
addressing,a-d-r-\-h,adrg,,adgr,1549
constantine,k-s2-tn-e-n,kstnen,,eknst,1552
constantly,k-s2-tn-e,kstne,,eknst,1552
constants,k-s2-tn-s,kstns,,knst,1552
interested,^-n-\-s-\-t,nst,,nst,1559
complied,k-pl-i-d,kplid,,iklpd,1566
complies,k-pl-i-s,kplis,,iklps,1566
complying,k-pl-i-\-h,kplig,,iklpg,1566
interesting,^-n-\-s-\-h,nsg,,gns,1575
interestingly,^-n-\-s-\-g,nsge,,egns,1575
doubled,d-b-d,dbd,,bcd,1600
doubleing,d-b-\-h,dbg,,bdg,1600
doubles,d-b-s,dbs,,bds,1600
doubling,d-b-\-h,dbg,,bdg,1600
titled,t-i-t-d,titd,,itvd,1615
titles,t-i-t-s,tits,,itvs,1615
titling,t-i-t-\-h,titg,,itvg,1615
removable,r-e-m-u-b,remub,,bemru,1657
removables,r-e-m-u-b-s,remubs,,bemrsu,1657
removably,r-e-m-u-b-e,remube,,bemru,1657
removed,r-e-m-u-d,remud,,demru,1657
removes,r-e-m-u-s,remus,,emrsu,1657
removing,r-e-m-u-\-h,remug,,egmru,1657
currently,k-r-e-nt-e,krente,,eknrt,1668
currents,k-r-e-nt-s,krents,,eknrst,1668
kingdoms,k-e-ng-tm-s,kegtms,,egkmts,1692
policies,p-o-l-s,pols,,lops,1698
relations,r-e-l-a-sh-s,relazs,,aelrsz,1704
relationship,r-e-l-a-sh-\-sh,relazz,,aelrz,1704
relationships,r-e-l-a-sh-\-sh-s,relazzs,,aelrsz,1704
qualitative,k-u-df,qudf,,dfqu,1727
qualitatively,k-u-df-e,qudfe,,defqu,1727
happened,^-h-\-a-p-n-d,hapnd,,adhnp,1744
happening,^-h-\-a-p-n-\-h,hapng,,aghnp,1744
happenings,^-h-\-a-p-n-s\--h,hapngs,,aghnps,1744
appliance,a-pl-i-n-s,aplins,,ailnps,1758
appliances,a-pl-i-n-s-s,aplinss,,ailnps,1758
applicability,a-pl-e-k-\-b,aplekbo,o,abeklop,1758
applicable,a-pl-e-k-b,aplekb,,abeklp,1758
applicably,a-pl-e-k-b-e,aplekbe,,abeklp,1758
applies,a-pl-i-s,aplis,,ailps,1758
applying,a-pl-i-\-h,aplig,,agilp,1758
connect,k-e-k,keko,o,eko,1770
protecting,pr-o-t-e-k-\-h,protekg,,egkoprt,1802
protective,pr-o-t-e-k-v,protekv,,ekoprtv,1802
protector,pr-o-t-e-k-r,protekr,,ekoprt,1802
protectorate,pr-o-t-e-k-r-a,protekra,,aekoprt,1802
protectorates,pr-o-t-e-k-r-a-s,protekras,,aekoprst,1802
protectors,pr-o-t-e-k-r-s,protekrs,,ekoprst,1802
protects,pr-o-t-e-k-s,proteks,,ekoprst,1802
coupled,k-u-pl-d,kupld,,dklpu,1817
couples,k-u-pl-s,kupls,,klpsu,1817
coupling,k-u-pl-\-h,kuplg,,gklpu,1817
requires,r-k-i-s,rqis,,iqrs,1833
requiring,r-k-i-\-h,rqig,,giqr,1833
requisite,r-k-e-s-t,rqesto,o,eoqrst,1833
requisites,r-k-e-s-t-s,rqests,,eqrst,1833
failback,f-a-l-b-k,falbk,,abfkl,1836
failbacks,f-a-l-b-k-s,falbks,,abfkls,1836
failover,f-a-l-o,falo,,aflo,1836
failovers,f-a-l-o-s,falos,,aflos,1836
parent,p-a-r-e-nt,parento,o,aenoprt,1863
parentage,p-a-r-e-nt-j,parentj,,aejnprt,1863
parental,p-a-r-e-nt-l,parentl,o,aelnprt,1863
transparency,t-\-p-a-r-e-n-s-e,tparense,,aenprst,1863
transparent,t-\-p-a-r-e-nt,tparent,,aenprt,1863
transparently,t-\-p-a-r-e-nt-e,tparente,,aenprt,1863
controlled,^-k-/-l-d,kld,,klxd,1869
controller,^-k-/-l-r,klr,,klxr,1869
controllers,^-k-/-l-r-s,klrs,,klxrs,1869
controlling,^-k-/-l-\-h,klg,,gkl,1869
controls,^-k-/-l-s,kls,,kls,1869
customs,k-u-s-s,kuss,,ksus,1913
singer,s2-e-ng-e2,segeo,o,egos,1922
singers,s2-e-ng-e2-s,seges,,egs,1922
singing,s2-e-ng-\-h,seggo,o,egos,1922
sings,s2-e-ng-s,segso,o,egos,1922
singular,s2-e-ng-u,segu,,egsu,1922
singularity,s2-e-ng-u-\-r,segur,,egrsu,1922
singularly,s2-e-ng-u-e,segueo,o,egosu,1922
connections,k-e-k-sh-s,kekzs,,eksz,1927
accustom,a-k-u-s,akusu,u,aksu,1935
unaccustomed,n-a-k-u-s-/-t,nakust,,aknstu,1935
protections,pr-o-t-e-k-sh-s,protekzs,,ekoprstz,1983
successfully,s2-u-k-f-e,sukfe,,efksu,2078
unsuccessful,n-s2-u-k-f,nsukf,,fknsu,2078
unsuccessfully,n-s2-u-k-f-e,nsukfe,,efknsu,2078
developments,dfl-m-s,dflms,,dflms,2110
guideed,g-i-d-d,gidd,,dgi,2141
guideing,g-i-d-\-h,gidg,,dgi,2141
guides,g-i-d-s,gids,,dgis,2141
unrelated,n-r-e-l-a-/-t,nrelat,,aelnrt,2159
temples,tm-pl-s,tmpls,,lmpst,2206
sourced,s2-o-s-d,sosd,,dos,2223
sources,s2-o-s-s,soss,,cos,2223
sourcing,s2-o-s-\-h,sosg,,gos,2223
anxiety,a-q-s-i,aqsi,,aiqs,2224
anxieties,a-q-s-i-s,aqsis,,aiqs,2225
changes,ch-s,cs,,cos,2261
referenced,r-f-d,rfd,,dfr,2303
references,r-f-s,rfs,,frvs,2303
referencing,r-f-\-h,rfg,,fgr,2303
wasted,u-a-s2-t-d,uastd,,adstu,2311
wasteful,u-a-s2-t-f,uastf,,afstu,2311
wastefully,u-a-s2-t-f-e,uastfe,,aefstu,2311
wastes,u-a-s2-t-s,uasts,,astu,2311
wasting,u-a-s2-t-\-h,uastg,,agstu,2311
realities,r-e-/-l-s,rels,,elrs,2364
unreality,n-r-e-/-l,nrel,,elnr,2364
limitations,l-e-m-sh-s,lemzs,,elmsz,2368
agreeably,^-yab-e,yabe,,abey,2378
suggestions,s2-u-j-s,sujs,,jsu,2382
errored,e-r-r-d,errd,,erzd,2517
erroring,e-r-r-\-h,errg,,erzg,2517
agents,a-j-s,ajs,,ajs,2549
issuance,e-sh-u-n-s,ezuns,,ensuz,2555
issuer,e-sh-u-r,ezur,,euzr,2555
issuers,e-sh-u-r-s,ezurs,,euzrs,2555
issues,e-sh-u-s,ezus,,euzs,2555
issuing,e-sh-u-\-h,ezug,,euzg,2555
tissue,t-e-sh-u,tezu,,etuz,2555
tissues,t-e-sh-u-s,tezus,,etuzs,2555
maintaining,mn-tn-\-h,mmtng,,gmnt,2559
maintains,mn-tn-s,mmtns,,mnst,2559
performed,pr-f-m-d,prfmd,,dfmpr,2589
performer,pr-f-m-r,prfmr,,fmpr,2589
performers,pr-f-m-r-s,prfmrs,,fmprs,2589
performing,pr-f-m-\-h,prfmg,,fgmpr,2589
performs,pr-f-m-s,prfms,,fmprs,2589
key,k-e,ke,,cek,2598
availability,a-v-a-l-\-b,avalbo,,ablov,2653
routed,r-u-t-d,rutd,,drtu,2671
routes,r-u-t-s,rutso,o,orstu,2671
routing,r-u-t-\-h,rutg,,grtu,2671
commented,k-mn-t-d,kmmtd,,dkmt,2738
commenting,k-mn-t-\-h,kmmtg,,gkmt,2738
comments,k-mn-t-s,kmmts,,kmst,2738
fixes,f-e-x-s,fexs,,efxs,2771
fixing,f-e-x-\-h,fexg,,efxg,2771
editions,e-d-sh-s,edzs,,desz,2816
organizations,o-g-s,ogs,,gos,2829
executioner,e-s2-k-sh-r,xkzr,,krxz,3011
executioners,e-s2-k-sh-r-s,xkzrs,,krsxz,3011
executions,e-s2-k-sh-s,xkzso,o,kosxz,3011
uncompleted,n-kp-/-t,nkp/t,,/knpt,3023
standardize,s2-tn-a-d-i-s,stnadis,,adinst,3032
standardized,s2-tn-a-d-i-s-d,stnadisd,,adinst,3032
standardizes,s2-tn-a-d-i-s-s,stnadiss,,adinst,3032
standardizing,s2-tn-a-d-i-s-\-h,stnadisg,,adginst,3032
standards,s2-tn-a-d-s,stnads,,adnst,3032
empire,m-p-i,mpi,,impv,3037
empires,m-p-i-s,mpis,,impvs,3037
operational,o-pr-a-sh-l,oprazl,,aloprz,3048
operationally,o-pr-a-sh-l-e,oprazle,,aeloprz,3048
operations,o-pr-a-sh-s,oprazs,,aoprsz,3048
securities,s2-e-k-/-r-s,sekrso,o,ekors,3065
applications,a-pl-sh-s,aplzs,,alpsz,3097
matched,m-a-ch-d,macd,,acmod,3098
matching,m-a-ch-\-h,macg,,acmog,3098
matchs,m-a-ch-s,macs,,acmos,3098
mismatch,m-sm-a-ch,msmac,,acms,3098
mismatched,m-sm-a-ch-d,msmacd,,acmsd,3098
mismatching,m-sm-a-ch-\-h,msmacg,,acmsg,3098
mismatchs,m-sm-a-ch-s,msmacs,,acmss,3098
unmatched,n-m-a-ch-d,nmachd,,acdhmn,3098
definitely,df-n-e,dfne,,defn,3128
includes,e-/-d-s,eds,,des,3157
including,e-/-d-\-h,edg,,deg,3157
seeded,s2-e-d-d,sedd,,des,3202
seeding,s2-e-d-\-h,sedg,,degs,3202
seeds,s2-e-d-s,seds,,des,3202
clerked,k-l-r-d,klrd,,dklr,3264
picked,p-e-k-t,pekt,,ekpt,3272
picking,p-e-k-\-h,pekg,,egkp,3272
picks,p-e-k-s,peks,,ekps,3272
realized,r-e-l-i-s-d,relisd,,eilrsd,3306
realizes,r-e-l-i-s-s,reliss,,eilrss,3306
realizing,r-e-l-i-s-\-h,relisg,,eilrsg,3306
performances,pr-f-mn-s-s,prfmmss,,fmprs,3320
detailing,td-a2-\-h,ddag,,adg,3339
specification,s-p-e-s2-\-f,spesf,,efps,3371
specifications,s-p-e-s2-\-f-s,spesfs,,efps,3371
suggesting,s2-u-g-\-h,sugg,,gsu,3432
suggestive,s2-u-g-v,sugv,,gsuv,3432
suggestively,s2-u-g-v-e,sugve,,egsuv,3432
suggestiveness,s2-u-g-v-n-s,sugvns,,gnsuv,3432
suggests,s2-u-g-s,sugs,,gsu,3432
resource,r-s2-o-s2,rsos,,ors,3455
resourceful,r-s2-o-s2-f,rsosf,,fors,3455
resourcefulness,r-s2-o-s2-f-n-s,rsosfns,,fnors,3455
assumed,a-s2-m-d,asmd,,amsd,3493
assumes,a-s2-m-s,asms,,amss,3493
assuming,a-s2-m-\-h,asmg,,amsg,3493
assumption,a-s2-m-sh,asmz,,amsz,3493
assumptions,a-s2-m-sh-s,asmzs,,amszs,3493
unassuming,u-n-a-s2-m-\-h,unasmg,,agmnsu,3493
occupations,o-kp-s,okps,,kops,3498
invitations,n-v-e-t-sh-s,nvetzs,,enstvz,3582
instructional,n-s-/-k-sh-l,nskzl,,klnsz,3748
instructionally,n-s-/-k-sh-l-e,nskzle,,eklnsz,3748
instructions,n-s-/-k-sh-s,nskzs,,knsz,3748
reservable,r-s2-e-v-b,rsevb,,bersv,3764
reservably,r-s2-e-v-b-e,rsevbe,,bersv,3764
reserved,r-s2-e-v-d,rsevd,,dersv,3764
reserves,r-s2-e-v-s,rsevs,,ersv,3764
reserving,r-s2-e-v-\-h,rsevg,,egrsv,3764
reservior,r-s2-e-v-o-r-\-<-n,rsevor,,eorsv,3764
reserviors,r-s2-e-v-o-r-\-<-n-s,rsevors,,eorsv,3764
compositions,k-p-o-sh-s,kpozs,,kopsz,3767
decomposition,d-e-k-p-o-sh,dkpoz,,dkopz,3767
identified,a-tn-df-d,atndfd,,adfnt,3839
identifies,a-tn-df-s,atndfs,,adfnst,3839
identifying,a-tn-df-\-h,atndfg,,adfgnt,3839
care,k-a,ka,,akc,3865
solutioned,s2-o-l-sh-d,solzd,,dlosz,3907
solutioning,s2-o-l-sh-\-h,solzg,,glosz,3907
solutions,s2-o-l-sh-s,solzs,,losz,3907
executives,e-s2-e-k-v-s,xekvs,,eksvx,4030
washer,u-o-sh-r,uozr,,ouzr,4064
washes,u-o-sh-s,uozs,,ouzs,4064
maximize,m-a-x-m-i-s,maxmis,,aimsx,4077
maximized,m-a-x-m-i-s-d,maxmisd,,adimsx,4077
maximizes,m-a-x-m-i-s-s,maxmiss,,aimsx,4077
maximizing,m-a-x-m-i-s-\-h,maxmisg,,agimsx,4077
maximo,m-a-x-m-o,maxmo,,amox,4077
maximums,m-a-x-mn-s,maxmms,,amsx,4077
products,pr-o-k-s,proks,o,koprs,4118
editors,e-td-e2-s,eddes,,des,4123
editorship,e-td-e2-sh,eddez,,dez,4123
editorships,e-td-e2-sh-s,eddezs,,desz,4123
improvements,m-pr-s,mprs,,mprs,4173
captivate,k-a-p-df-a-t,kapdfat,,adfkpt,4183
captivated,k-a-p-df-a-t-d,kapdfatd,,adfkpt,4183
captivates,k-a-p-df-a-t-s,kapdfats,,adfkpst,4183
captivating,k-a-p-df-a-t-\-h,kapdfatg,,adfgkpt,4183
captive,k-a-p-df,kapdf,,adfkp,4183
captives,k-a-p-df-s,kapdfs,,adfkps,4183
captivity,k-a-p-df-t-e,kapdfte,,adefkpt,4183
captor,k-a-p-t-e,kapte,,aekpt,4183
captors,k-a-p-t-e-s,kaptes,,aekpst,4183
capture,k-a-p-t-r,kaptr,,akprt,4183
captured,k-a-p-t-r-d,kaptrd,,adkprt,4183
captures,k-a-p-t-r-s,kaptrs,,akprst,4183
capturing,k-a-p-t-r-\-h,kaptrg,,agkprt,4183
occupancy,o-kp-n-s-e,okpnse,,eknops,4190
occupant,o-kp-nt,okpnt,,knopt,4190
occupants,o-kp-nt-s,okpnts,,knopst,4190
occupied,o-kp-d,okpd,,dkop,4190
occupier,o-kp-r,okpr,,kopr,4190
occupiers,o-kp-r-s,okprs,,koprs,4190
occupies,o-kp-s,okps,,kops,4190
occupying,o-kp-\-h,okpg,,gkop,4190
combinations,k-b-n-sh-s,kbnzs,,bknsz,4193
underside,u-/-s-i,usio,o,iosu,4384
undersides,u-/-s-i-s,usis,,isu,4384
limiting,l-e-m-e-t-\-h,lemetg,,eglmt,4396
limits,l-e-m-e-t-s,lemets,,elmst,4396
nets,n-e-t-s,nets,,enst,4455
netted,n-e-t-d,netd,,dent,4455
netting,n-e-t-\-h,netg,,egnt,4455
nettle,n-e-t-l,netl,,elnt,4455
nettled,n-e-t-l-d,netld,,delnt,4455
nettles,n-e-t-l-s,netls,,elnst,4455
normally,n-o-m-ye,nomy,,mnoy,4590
miracles,m-e-r-/-k-s,merks,,ekmrs,4684
indirectly,nt-r-k-e,ntrke,,eknrt,4696
converge,k-v-e-j,kvej,,ejkv,4741
convergence,k-v-e-j-n-s,kvejns,,ejknsv,4741
convergent,k-v-e-jnt,kvejnt,,ejkntv,4741
conversion,k-v-e-sh,kvez,,ekvz,4741
conversions,k-v-e-sh-s,kvezs,,eksvz,4741
convert,k-v-e2-t,kvet,,ektv,4741
converted,k-v-e2-t-d,kvetd,,dektv,4741
convertible,k-v-e2-t-b,kvetb,,bektv,4741
convertibles,k-v-e2-t-b-s,kvetbs,,bekstv,4741
converting,k-v-e2-t-\-h,kvetg,,egktv,4741
converts,k-v-e2-t-s,kvets,,ekstv,4741
relates,r-e-l-a-s,relas,,aelrs,4800
appreciated,a-pr-e-sh-d,aprezd,,adeprz,4901
appreciates,a-pr-e-sh-s,aprezs,,aeprsz,4901
appreciating,a-pr-e-sh-\-h,aprezg,,aegprz,4901
researched,r-s2-e-ch-d,rsecd,,cders,4980
researching,r-s2-e-ch-\-h,rsecg,,cegrs,4980
researchs,r-s2-e-ch-s,rsecs,,cers,4980
documentary,d-o-k-m-r-e,dokmre,,dekmor,5069
documentation,d-o-k-m-sh,dokmz,,dkmoz,5069
documented,d-o-k-m-d,dokmd,,dkmo,5069
documenting,d-o-k-m-\-h,dokmg,,dgkmo,5069
documents,d-o-k-m-s,dokms,,dkmos,5069
organic,o-g-n-e-k,ognek,,egkno,5141
organically,o-g-n-\-k-e,ognke,,egkno,5141
organism,o-g-n-s-m,ognsm,,gmnos,5141
organisms,o-g-n-s-m-s,ognsms,,gmnos,5141
organist,o-g-n-e-s,ognes,,egnos,5141
organs,o-g-n-s,ogns,,gnos,5141
selections,s-e-l-e-k-sh-s,selekzs,,eklsz,5218
logged,l-o-g-d,logd,,dglo,5239
logging,l-o-g-\-h,logg,,glo,5239
beforehand,b-f-n-t,bfnt,,bfnt,5240
selecting,s-e-l-e-k-\-h,selekg,,egkls,5294
selective,s-e-l-e-k-v,selekv,,eklsv,5294
selectively,s-e-l-e-k-v-e,selekve,,eklsv,5294
selects,s-e-l-e-k-s,seleks,,ekls,5294
invited,n-v-i-d,nvid,,dinv,5305
invites,n-v-i-s,nvis,,insv,5305
inviting,n-v-i-\-h,nvig,,ginv,5305
improved,m-pr-d,mprd,,dmpr,5337
improves,m-pr-s,mprso,o,moprs,5337
improving,m-pr-\-h,mprg,,gmpr,5337
improvisation,m-pr-v-e-s-a-sh,mprvesash,,aehmprsv,5337
improvise,m-pr-v-i-s,mprvis,,imprsv,5337
improvised,m-pr-v-i-s-d,mprvisd,,dimprsv,5337
improvises,m-pr-v-i-s-s,mprviss,,imprsv,5337
improvising,m-pr-v-i-s-\-h,mprvisg,,gimprsv,5337
unimproved,n-m-pr-d,nmprd,,dmnpr,5337
availed,a-v-a-l-d,avald,,adlv,5529
availing,a-v-a-l-\-h,avalg,,aglv,5529
avails,a-v-a-l-s,avals,,alsv,5529
approvals,a-pr-v-l-s,aprvls,,alprsv,5616
disapproval,d-s-a-pr-v-l,daprvl,,adlprv,5616
directories,d-r-k-/-r-e-s,drkres,,dekrs,5660
directors,d-r-k-/-r-s,drkrs,,dkrs,5660
directory,d-r-k-/-r-e,drkre,,dekr,5660
redirector,r-e-d-r-k-/-r,redrkr,,dekr,5660
redirectors,r-e-d-r-k-/-r-s,redrkrs,,dekrs,5660
networked,n-e-t-r-k-d,netrkd,,deknrt,5683
networking,n-e-t-r-k-\-h,netrkg,,egknrt,5683
networks,n-e-t-r-k-s,netrks,,eknrst,5683
workman,r-k-mn,rkmmu,u,kmru,5688
workmanlike,r-k-mn-l,rkmml,,klmr,5688
workmanship,r-k-mn-sh,rkmnz,u,kmnrz,5688
developed,dfl-d,dfld,,dfl,5759
developer,dfl-r,dflr,,dflr,5759
developers,dfl-r-s,dflrs,,dflrs,5759
developing,dfl-\-h,dflg,,dfgl,5759
develops,dfl-s,dfls,,dfls,5759
patterned,p-a-tn-d,patnd,,adnpt,5806
patterning,p-a-tn-\-h,patng,o,agnpt,5806
approved,a-pr-v-d,aprvd,,adprv,5852
approves,a-pr-v-s,aprvs,,aprsv,5852
approving,a-pr-v-\-h,aprvg,,agprv,5852
approvingly,a-pr-v-\-h-e,aprvge,,aegprv,5852
disapprove,d-s-a-pr-v,dsaprv,,adprsv,5852
disapproved,d-s-a-pr-v-d,dsaprvd,,adprsv,5852
disapproves,d-s-a-pr-v-s,dsaprvs,,adprsv,5852
disapproving,d-s-a-pr-v-\-h,dsaprvg,,adgprsv,5852
removals,r-e-m-u-l-s,remuls,,elmrsu,5930
preferences,pr-e-f-n-s-s,prefnss,,efnprss,5976
consisting,k-ss-\-h,kssg,,kosg,6001
functionaries,f-nk-r-e-s,fqres,,efqrs,6026
functionary,f-nk-r-e,fqre,,efqr,6026
functioned,f-nk-d,fqd,,dfq,6026
functioning,f-nk-\-h,fqg,,fgq,6026
functions,f-nk-s,fqs,,fqs,6026
modification,m-o-d-\-f,modfi,i,dfimo,6086
modifications,m-o-d-\-f-s,modfs,,dfmos,6086
modified,m-o-df-d,modfd,,dfmo,6086
modifies,m-o-df-s,modfso,o,dfmos,6086
modifying,m-o-df-\-h,modfg,,dfgmo,6086
extracted,e-s-/-k-d,xkd,,dkx,6269
extracting,e-s-/-k-\-h,xkg,,gkx,6269
extraction,e-s-/-k-sh,xkz,,kxz,6269
extractions,e-s-/-k-sh-s,xkzs,,ksxz,6269
extracts,e-s-/-k-s,xks,,ksx,6269
executable,e-s2-k-b,xkb,,bkx,6515
executables,e-s2-k-b-s,xkbs,,bksx,6515
executes,e-s2-k-s,xkso,o,kosx,6515
executing,e-s2-k-\-h,xkog,o,gkox,6515
conversant,k-v-e-s-nt,kvesnt,,eknstv,6622
conversantly,k-v-e-s-nt-e,kvesnte,,eknstv,6622
conversed,k-v-e-s-d,kvesd,,deksv,6622
conversely,k-v-e-s-e,kvese,,eksv,6622
converses,k-v-e-s-s,kvess,,eksv,6622
conversing,k-v-e-s-\-h,kvesg,,egksv,6622
devices,df-i-s-s,dfiss,,dfis,6640
consistence,k-ss-n-s,kssns,,kns,6724
consistency,k-ss-n-s-e,kssnse,,ekns,6724
consistently,k-ss-/-nt-e,kssnte,,knste,6724
inconsistencies,n-k-ss-n-s-e-s,nkssnses,,eknss,6724
inconsistency,n-k-ss-n-s-e,nkssnse,,ekns,6724
inconsistent,n-k-ss-/-nt,nkssnt,,knst,6724
definitions,df-n-sh-s,dfnzs,,dfnsz,6911
identities,a-tn-t-e-s,atntes,,aenst,6977
alignment,a-l-a-n-m,alanm,,almn,7000
alignments,a-l-a-n-m-s,alanms,,almns,7000
align,a-l-a-n,alano,o,alno,7004
aligned,a-l-a-n-d,aland,,alnod,7004
aligning,a-l-a-n-\-h,alang,,alnog,7004
aligns,a-l-a-n-s,alans,,alnos,7004
malign,m-a-l-i-n,malin,,ailmn,7114
maligned,m-a-l-i-n-d,malind,,ailmnd,7114
maligning,m-a-l-i-n-\-h,maling,,ailmng,7114
malignly,m-a-l-i-n-e,maline,,aeilmn,7114
maligns,m-a-l-i-n-s,malins,,ailmns,7114
illogic,e-l-o-j-k,elojk,,ejklo,7324
illogical,e-l-o-j-/-k,elojko,o,ejklo,7324
kicked,k-e-k-d,kekd,,dek,7324
kicking,k-e-k-\-h,kekg,,egk,7324
kicks,k-e-k-s,keks,,eks,7324
logic,l-o-j-k,lojk,,jklo,7324
logical,l-o-j-/-k,lojko,o,jklo,7324
agencies,a-j-s-e-s,ajses,,aejss,7542
constance,k-s2-tn-s,kstnso,o,knost,7666
constancy,k-s2-tn-s-e,kstnse,,eknst,7666
proposition,pr-p-o-sh,prpoz,,oprz,7854
propositioned,pr-p-o-sh-d,prpozd,,doprz,7854
propositioning,pr-p-o-sh-\-h,prpozg,,goprz,7854
propositions,pr-p-o-sh-s,prpozs,,oprsz,7854
supposition,s-p-o-sh,spoz,,opsz,7854
suppositions,s-p-o-sh-s,spozs,,opsz,7854
invalidity,n-v-a-l-e-td-e,nvaledte,,adelnv,7867
validity,v-a-l-e-td-e,valedte,,adeltv,7867
ticketed,t-e-k-e-t-d,teketd,,dekt,7883
ticketing,t-e-k-e-t-\-h,teketg,,egkt,7883
delete,d-l-e-t,dlet,,delt,8274
deleted,d-l-e-t-d,dletd,,delt,8274
deletes,d-l-e-t-s,dlets,,delst,8274
deleting,d-l-e-t-\-h,dletg,,deglt,8274
productivity,pr-o-k-v-t-e,prokvte,,ekoprtv,8288
import,m-p-o-t,mpot,,mopt,8595
importation,m-p-o-t-sh,mpotz,,moptz,8595
imported,m-p-o-t-d,mpotd,,dmopt,8595
importer,m-p-o-t-r,mpotr,,moprt,8595
importers,m-p-o-t-r-s,mpotrs,,moprst,8595
importing,m-p-o-t-\-h,mpotg,,gmopt,8595
imports,m-p-o-t-s,mpots,,mopst,8595
environmental,n-v-i-r-mn-l,nvirmml,,ilmnrv,8705
environments,n-v-i-r-mn-s,nvirmms,,imnrsv,8705
combines,k-b-i-s,kbis,,biks,8790
combining,k-b-i-\-h,kbig,,bgik,8790
reschedule,r-s2-k-e-d-l,rskedl,,deklrs,8811
rescheduled,r-s2-k-e-d-l-d,rskedld,,deklrs,8811
reschedules,r-s2-k-e-d-l-s,rskedls,,deklrs,8811
rescheduling,r-s2-k-e-d-l-\-h,rskedlg,,degklrs,8811
schedules,s2-k-e-d-l-s,skedls,,dekls,8811
scheduling,s2-k-e-d-l-\-h,skedlg,,degkls,8811
edited,e-td-d,eddd,o,cde,8828
editing,e-td-\-h,eddg,,deg,8828
edits,e-td-s,edds,o,des,8828
instructing,n-s-/-k-\-h,nskg,,gkns,8912
instructive,n-s-/-k-v,nskv,,knsv,8912
instructively,n-s-/-k-v-e,nskve,,eknsv,8912
instructs,n-s-/-k-s,nsks,,kns,8912
inoperative,n-o-pr-a-\-v,noprav,,anoprv,9085
operated,o-pr-a-d,oprad,,adopr,9085
operates,o-pr-a-s,opras,,aoprs,9085
operating,o-pr-a-\-h,oprag,,agopr,9085
operative,o-pr-a-\-v,oprav,,aoprv,9085
operatives,o-pr-a-\-v-s,opravs,,aoprsv,9085
operator,o-pr-a-\-r,oprar,,aopr,9085
operators,o-pr-a-\-r-s,oprars,,aoprs,9085
invent,n-v-nt,nvnt,,ntv,9171
invented,n-v-nt-d,nvntd,,dntv,9171
inventing,n-v-nt-\-h,nvntg,,gntv,9171
invention,n-v-n-sh,nvnsh,,hnsv,9171
inventions,n-v-n-sh-s,nvnshs,,hnsv,9171
inventive,n-v-nt-v,nvntv,,ntv,9171
inventiveness,n-v-nt-v-n-s,nvntvns,,nstv,9171
inventor,n-v-nt-r,nvntr,,nrtv,9171
inventors,n-v-nt-r-s,nvntrs,,nrstv,9171
invents,n-v-nt-s,nvnts,,nstv,9171
presentations,pr-sh-s,przs,,prsz,9294
definable,df-i-n-b,dfinb,,bdfin,9338
definably,df-i-n-b-e,dfinbe,,bdefin,9338
defining,df-i-n-\-h,dfing,,dfgin,9338
buttoned,b-u-tn-d,butnd,,bdntu,9381
buttonhole,b-u-tn-o-l-^-<-h,butnol,,blnotu,9381
buttonholed,b-u-tn-o-l-d-^-<-h,butnold,,bdlnotu,9381
buttonholes,b-u-tn-o-l-s-^-<-h,butnols,,blnostu,9381
buttonholing,b-u-tn-o-l-\-h-^-<-h,butnolg,,bglnotu,9381
buttoning,b-u-tn-\-h,butng,,bgntu,9381
buttons,b-u-tn-s,butns,,bnstu,9381
clients,k-l-i-s,klis,,ikls,9528
ignore,e-g-n-o-r,egnor,,egnor,9546
ignored,e-g-n-o-r-d,egnord,,egnord,9546
ignores,e-g-n-o-r-s,egnors,,egnors,9546
ignoring,e-g-n-o-r-\-h,egnorg,,egnorg,9546
editorials,e-td-r-l-s,eddrls,,delrs,9852
certificates,s2-e-df-s,sedfs,,defs,9931
expire,e-s-p-i,xpi,,ipx,10150
expires,e-s-p-i-s,xpis,,ipxs,10150
expiring,e-s-p-i-\-h,xpig,,ipxg,10150
overload,o-/-l-o-d,olod,,dlo,10530
overloaded,o-/-l-o-d-d,olodd,,dlod,10530
overloading,o-/-l-o-d-\-h,olodg,,dlog,10530
overloads,o-/-l-o-d-s,olods,,dlos,10530
persist,pr-ss,prssi,i,iprs,10535
persisted,pr-ss-d,prssd,,dprs,10535
persistence,pr-ss-n-s,prssns,,nprs,10535
persistency,pr-ss-n-s-e,prssnse,,enprs,10535
persistent,pr-ss-\-nt,prssnt,,nprst,10535
persistently,pr-ss-\-nt-e,prssnte,,enprst,10535
persistents,pr-ss-\-nt-s,prssnts,,nprst,10535
persisting,pr-ss-\-h,prssg,,gprs,10535
persists,pr-ss-s,prsss,,prs,10535
commandments,k-m-a-n-m-s,kmanms,,akmns,10596
outpost,a-u-p-o-s-t,wpost,,opstw,10999
outposts,a-u-p-o-s-t-s,wposts,,opstw,10999
output,a-u\--p,wp,,cpw,10999
outputs,a-u\--p-s,wps,,psw,10999
outputting,a-u-\-p-\-h,wpg,,gpw,10999
emigration,e-m-g-r-a-z,emgrazo,o,aegmorz,11303
immigration,e-m-g-r-a-z,emgraz,,aegmrz,11303
migration,m-i-g-r-a-z,migraz,,agimrz,11303
migrations,m-i-g-r-a-z-s,migrazs,,agimrzs,11303
assign,a-s-i-n,asin,,ains,11390
assigning,a-s-i-n-\-h,asing,,agins,11390
assigns,a-s-i-n-s,asins,,ains,11390
customers,k-u-s-r-s,kusrs,,krsus,11568
rout,r-a-o-t,rwt,,rtw,11813
routs,r-a-o-t-s,rwts,,rstw,11813
profile,pr-f-i-l,prfil,,filpr,11816
profiled,pr-f-i-l-d,prfild,,dfilpr,11816
profiler,pr-f-i-l-r,prfilr,,filpr,11816
profilers,pr-f-i-l-r-s,prfilrs,,filprs,11816
profiles,pr-f-i-l-s,prfils,,filprs,11816
profiling,pr-f-i-l-\-h,prfilg,,fgilpr,11816
invalid,n-v-a-l-e-d,nvaled,,adelnv,11895
invalidate,n-v-a-l-e-d-d,nvaledd,,adelnv,11895
invalidated,n-v-a-l-e-d-d-d,nvaleddd,,adelnvd,11895
invalidates,n-v-a-l-e-d-d-s,nvaledds,,adelnvs,11895
invalidating,n-v-a-l-e-d-d-\-h,nvaleddg,,adelnvg,11895
invalids,n-v-a-l-e-d-s,nvaleds,,adelnvs,11895
valid,v-a-l-e-d,valed,,adelv,11895
validate,v-a-l-e-d-d,valedd,,adelvd,11895
validated,v-a-l-e-d-d-d,valeddd,,adelvdd,11895
validates,v-a-l-e-d-d-s,valedds,,adelvds,11895
validating,v-a-l-e-d-d-\-h,valeddg,,adelvdg,11895
validation,v-a-l-e-d-sh,valedz,,adelvz,11895
validations,v-a-l-e-d-sh-s,valedzs,,adelvzs,11895
automatically,o-tm-/-a-e,otmae,,aemot,12143
click,k-l-e-k,klek,,ekl,12573
clicked,k-l-e-k-t,klekt,,eklt,12573
clicking,k-l-e-k-\-h,klekg,,egkl,12573
clicks,k-l-e-k-s,kleks,,ekls,12573
disorganization,d-s-o-g-sh,dsogz,,dgosz,12648
disorganize,d-s-o-g,dsog,,dgos,12648
disorganized,d-s-o-g-d,dsogd,,dgos,12648
disorganizes,d-s-o-g-s,dsogs,,dgos,12648
disorganizing,d-s-o-g-\-h,dsogg,,dgos,12648
organized,o-g-d,ogd,,dgo,12648
organizer,o-g-r,ogr,,gor,12648
organizers,o-g-r-s,ogrs,,gors,12648
organizes,o-g-s,ogs,,gos,12648
organizing,o-g-\-h,ogg,,cgo,12648
unorganize,n-o-g,nogu,u,gnou,12648
unorganized,n-o-g-d,nogd,,dgno,12648
pharisee,f-a2-r-s-e,farse,,aefrs,12765
pharisees,f-a2-r-s-e-s,farses,,aefrs,12765
sadducee,s-a-d-s-e,sadse,,ades,12765
sadducees,s-a-d-s-e-s,sadses,,adess,12765
authoritatively,o-th-rdf-e,ohrdfe,,defhor,12938
locomotives,l-o-k-m-o-df-s,lokmodfs,,dfklmos,13371
symptom,s-e-m-tm,semtm,,emst,13544
symptomatic,s-e-m-tm-\-a,semtma,,aemst,13544
symptoms,s-e-m-tm-s,semtms,,emst,13544
shorten,sh-/-n,zn,,cnz,14581
shortening,sh-/-n-\-h,zng,,gnz,14581
shortens,sh-/-n-s,zns,,nsz,14581
workshop,r-k-sh-o-p,rkzop,,koprz,14772
workshops,r-k-sh-o-p-s,rkzops,,koprsz,14772
forthcoming,f-th-k-m-\-h,fhkmg,,fghkm,15126
reservations,r-s-a-sh-s,rsazs,,arsz,15211
overturn,^-o-\-t-e-n,oten,,enot,15426
overturned,^-o-\-t-e-n-d,otend,,enotd,15426
overturning,^-o-\-t-e-n-\-h,oteng,,enotg,15426
overturns,^-o-\-t-e-n-s,otens,,enots,15426
instructors,n-s-/-k-r-s,nskrs,,knrs,16231
verification,v-e-r-\-f,verfo,o,eforv,16753
verified,v-e-r-f-d,verfd,,defrv,16753
verifier,v-e-r-f-r,verfr,,efrv,16753
verifiers,v-e-r-f-r-s,verfrs,,efrsv,16753
verifies,v-e-r-f-s,verfs,,efrsv,16753
verify,v-e-r-f,verf,,efrv,16753
verifying,v-e-r-f-\-h,verfg,,efgrv,16753
qualification,k-o-\-f,qofo,o,foq,16962
qualifications,k-o-\-f-s,qofs,,foqs,16962
qualifies,k-o-f-s,qofs,,foqs,16962
qualifying,k-o-f-\-h,qofg,,fgoq,16962
optional,o-p-sh-l,opzl,,lopz,17467
optionally,o-p-sh-l-e,opzle,,elopz,17467
optioned,o-p-sh-d,opzd,,dopz,17467
optioning,o-p-sh-\-h,opzg,,gopz,17467
options,o-p-sh-s,opzs,,opsz,17467
requisitioned,r-k-e-s-sh-d,rqeszd,,deqrsz,17564
requisitioning,r-k-e-s-sh-\-h,rqeszg,,egqrsz,17564
requisitions,r-k-e-s-sh-s,rqeszs,,eqrsz,17564
authorization,o-th-r-e-s-a-sh,ohresaz,,aehorsz,17721
authorizations,o-th-r-e-s-a-sh-s,ohresazs,,aehorsz,17721
authorizes,o-th-r-i-s-s,ohriss,,hiors,17721
authorizing,o-th-r-i-s-\-h,ohrisg,,ghiors,17721
executors,e-s2-k-/-r-s,xkrs,,krsx,18142
disagreements,dya-m-s,dyams,,admsy,18178
appreciatively,a-pr-e-sh-/-v-e,aprezve,,aeprvz,18471
entitled,nt-i-t-d,ntitd,,intd,19335
entitlement,nt-i-t-m,ntitm,,imnt,19335
entitlements,nt-i-t-m-s,ntitms,,imnts,19335
entitles,nt-i-t-s,ntits,,ints,19335
entitling,nt-i-t-\-h,ntitg,,intg,19335
input,n-p,np,u,npv,19335
inputing,n-p-\-h,npg,,npvg,19335
inputs,n-p-s,nps,,npvs,19335
requirements,r-k-i-m-s,rqims,,imqrs,19812
notification,n-o-t-\-f,notf,,fnot,20151
notifications,n-o-t-\-f-s,notfs,,fnost,20151
notified,n-o-df-d,nodfd,,dfno,20151
notifies,n-o-df-s,nodfs,,dfnos,20151
notifying,n-o-df-\-h,nodfg,,dfgno,20151
components,k-p-o-n-s,kpons,,knops,20428
inventoried,n-v-nt-re-d,nvntred,,denrtv,20433
inventories,n-v-nt-re-s,nvntres,,enrstv,20433
inventorying,n-v-nt-re-\-h,nvntreg,,egnrtv,20433
disagreeable,dya-b,dyab,,abdy,20725
disagreeablely,dya-b-e,dyabe,,abdey,20725
disagreeably,dya-b-e,dyabe,,abdey,20725
disagreed,dya-d,dyad,,ady,20725
disagreeing,dya-\-h,dyag,,adgy,20725
disagrees,dya-s,dyas,,adsy,20725
implement,m-pl-e-m,mplem,,elmp,20778
implementation,m-pl-e-m-a-sh,mplemaz,,aelmpz,20778
implementations,m-pl-e-m-a-sh-s,mplemazs,,aelmpsz,20778
implemented,m-pl-e-m-d,mplemd,,delmp,20778
implementing,m-pl-e-m-\-h,mplemg,,eglmp,20778
implements,m-pl-e-m-s,mplems,,elmps,20778
entail,n-ta-l,ntal,,alnt,21539
entailed,n-ta-l-d,ntald,,adlnt,21539
entailing,n-ta-l-\-h,ntalg,,aglnt,21539
entails,n-ta-l-s,ntals,,alnst,21539
assignments,a-s2-i-mn-s,asimms,,aims,21884
installations,n-s2-t-o-l-a-sh-s,nstolazs,,alnostz,22364
retrieval,r-\-v-l,rvl,,lrv,22760
retrievals,r-\-v-l-s,rvls,,lrsv,22760
retrieve,r-\-v,rv,,crv,22760
retrieved,r-\-v-d,rvd,,drv,22760
retrieves,r-\-v-s,rvs,,rsv,22760
retrieving,r-\-v-\-h,rvg,,grv,22760
applicants,a-pl-e-k-nt-s,apleknts,,aeklnpst,23395
invulnerability,n-v-u-l-n-e-r-\-b,nvulnerbo,,belnoruv,24003
invulnerable,n-v-u-l-n-e-r-b,nvulnerb,,belnruv,24003
vulnerabilities,v-u-l-n-e-r-\-b-s,vulnerbos,,belnorsuv,24003
vulnerability,v-u-l-n-e-r-\-b,vulnerbo,,belnoruv,24003
fissures,f-e-sh-u-s,fezus,,efuzs,24109
diagnose,d-i-g-n-o-s,dignos,,dginos,24781
diagnosed,d-i-g-n-o-s-d,dignosd,,dginos,24781
diagnoses,d-i-g-n-o-s-e-s,dignoses,,deginos,24781
diagnosing,d-i-g-n-o-s-\-h,dignosg,,dginos,24781
diagnosis,d-i-g-n-o-ss,dignoss,,dginos,24781
diagnosises,d-i-g-n-o-ss-s,dignosss,,dginos,24781
diagnostic,d-i-g-n-\-s-t,dignst,,dginst,24781
diagnostician,d-i-g-n-o-s-t-sh,dignostz,,dginostz,24781
diagnosticians,d-i-g-n-o-s-t-sh-s,dignostzs,,dginostz,24781
diagnostics,d-i-g-n-\-s-t-s,dignsts,,dginst,24781
certifies,s2-e-df-s,sedfs,,defs,25044
certifying,s2-e-df-\-h,sedfg,,defgs,25044
cooperated,k-o-o-p-d,koopd,,dkop,26301
cooperates,k-o-o-p-s,koops,,kops,26301
cooperating,k-o-o-p-\-h,koopg,,gkop,26301
cooperative,k-o-o-p-v,koopv,,kopv,26301
cooperatively,k-o-o-p-v-e,koopve,,ekopv,26301
cooperatives,k-o-o-p-v-s,koopvs,,kopsv,26301
monitored,mn-e-t-e2-d,mmeted,,demt,26517
monitoring,mn-e-t-e2-\-h,mmeteg,,egmt,26517
monitors,mn-e-t-e2-s,mmetes,,emst,26517
specified,s-p-e-s-d,spesd,,deps,26856
specifies,s-p-e-s-s,spess,,eps,26856
specifing,s-p-e-s-\-h,spesg,,egps,26856
definitively,df-n-e-df-e,dfnedfe,,defn,26967
shortages,sh-/-j-s,zjs,,jsz,27735
shortcoming,sh-/-k-m-\-h,zkmg,,gkmz,27735
shortcomings,sh-/-k-m-\-h-s,zkmgs,,gkmsz,27735
shortness,sh-/-n-e-s,znes,,ensz,27735
shortwave,sh-/-u-a-v,zuav,,auvz,27735
disproved,d-s-pr-v-d,dsprvd,,dprsv,28203
disproves,d-s-pr-v-s,dsprvs,,dprsv,28203
disproving,d-s-pr-v-\-h,dsprvg,,dgprsv,28203
operatic,o-pr-a-t-k,opratk,,akoprt,28396
functionalities,f-nk-/-l-s,fqls,,flqs,30062
functionality,f-nk-/-l,fqlo,o,flq,30062
functionally,f-nk-/-l-e,fqle,,eflq,30062
syntax,s-e-nt-a-x,sentax,,aenstx,30086
irrevocable,e-r-v-k-b,ervkb,,bekrv,30778
irrevocably,e-r-v-k-b-e,ervkbe,,bekrv,30778
revocable,r-v-k-b,rvkb,,bkrv,30778
revocably,r-v-k-b-e,rvkbe,,bekrv,30778
revocation,r-v-k-a-z,rvkaz,,akrvz,30778
revocations,r-v-k-a-z-s,rvkazs,,akrsvz,30778
revoke,r-v-k,rvk,,krv,30778
revoked,r-v-k-t,rvkt,,krtv,30778
revokes,r-v-k-s,rvks,,krsv,30778
revoking,r-v-k-\-h,rvkg,,gkrv,30778
insecurities,n-s2-e-k-/-r-s,nsekrs,,eknrs,31677
concurrent,k-k-r-e-nt,kkrent,,eknrt,32396
concurrently,k-k-r-e-nt-e,kkrente,,eknrt,32396
recurrent,r-k-r-e-nt,rkrent,,eknrt,32396
undercurrent,u-k-r-e-nt,ukrent,,eknrtu,32396
undercurrents,u-k-r-e-nt-s,ukrents,,eknrstu,32396
doubleday,d-b-d-a,dbda,,abd,32627
singe,s-e-n-j,senj,,ejns,33893
singed,senj-d,senjd,,dejns,33893
singes,s-e-n-j-s,senjs,,ejns,33893
inclusions,e-/-sh-s,ezs,,esz,37756
migrated,m-i-g-r-a-d,migrad,,agimrd,37983
migrating,m-i-g-r-a-\-h,migrag,,agimrg,37983
migratory,m-i-g-r-a-\-r-e,migrare,,aegimr,37983
installments,n-s2-t-o-l-m-s,nstolms,,lmnost,38139
converged,k-v-e-j-d,kvejd,,dejkv,38983
converges,k-v-e-j-s,kvejs,,ejksv,38983
converging,k-v-e-j-\-h,kvejg,,egjkv,38983
installs,n-s2-t-o-l-s,nstols,,lnost,39681
workroom,r-k-r-m,rkrm,,kmr,40538
workrooms,r-k-r-m-s,rkrms,,kmrs,40538
requiem,r-e-k-\-n-^-<-e-m,reqem,,emqr,41094
requiems,r-e-k-\-n-^-<-e-m-s,reqems,,emqrs,41094
requite,r-e-k-\-n-^-<-i-t,reqit,,eiqrt,41094
requited,r-e-k-\-n-^-<-i-t-d,reqitd,,deiqrt,41094
unrequited,n-r-e-k-\-n-^-<-i-t-d,nreqitd,,deinqrt,41094
caption,k-a-p-sh,kapz,,akpz,44771
captioned,k-a-p-sh-d,kapzd,,adkpz,44771
captioning,k-a-p-sh-\-h,kapzg,,agkpz,44771
captions,k-a-p-sh-s,kapzs,,akpsz,44771
capernaum,k-a-p-n-u-m,kapnum,,akmnpu,45030
reorganization,r-o-g-sh,rogz,,gorz,47478
reorganized,r-o-g-d,rogd,,dgor,47478
reorganizes,r-o-g-s,rogs,,gors,47478
reorganizing,r-o-g-\-h,rogg,,gor,47478
poorhouse,p-u-u-s2-^-^-^-h,puus,,psu,47516
deterrent,d-/-nt,dnto,o,dnot,53715
certification,s2-e-df-sh,sedfz,,defsz,59944
certifications,s2-e-df-sh-s,sedfzs,,defsz,59944
singles,s2-e-ng-s,segs,,egs,65996
commandeered,k-m-a-n-/-e-r-d,kmanerd,,aekmnrd,70319
condition,k-d-sh,kdz,,dkz,70330
conditional,k-d-sh-l,kdzl,,dklz,70330
conditionally,k-d-sh-ye,kdzy,,dkyz,70330
conditionals,k-d-sh-l-s,kdzls,,dklzs,70330
conditioned,k-d-sh-d,kdzd,,dkz,70330
conditioning,k-d-sh-\-h,kdzg,,dgkz,70330
conditions,k-d-sh-s,kdzs,,dksz,70330
debug,d-b-u-g,dbug,,bdgu,70330
debugged,d-b-u-g-d,dbugd,,bdgud,70330
debugger,d-b-u-g-r,dbugr,,bdgur,70330
debugging,d-b-u-g-\-h,dbugg,,bdgug,70330
debugs,d-b-u-g-s,dbugs,,bdgus,70330
unconditional,n-k-d-sh-l,nkdzl,,dklnz,70330
unconditionally,n-k-d-sh-y,nkdzy,,dknyz,70330
connecting,k-e-k-\-h,kekgo,o,egko,70334
connective,k-e-k-v,kekv,,ekv,70334
connectives,k-e-k-v-s,kekvs,,eksv,70334
connects,k-e-k-s,kekso,o,ekos,70334
correlated,k-o-r-e-l-a-d,korelad,,adeklor,70352
correlates,k-o-r-e-l-a-s,korelas,,aeklors,70352
correlation,k-o-r-e-l-a-sh,korelaz,,aeklorz,70352
correlations,k-o-r-e-l-a-sh-s,korelazs,,aeklorsz,70352
deletions,d-l-e-sh-s,dlezs,,delsz,70417
excluded,e-s-/-d-d,xdd,,cdx,70565
excludes,e-s-/-d-s,xds,,dsx,70565
excluding,e-s-/-d-\-h,xdg,,dgx,70565
immigrated,e-m-e-g-d,emegd,,egimd,70854
immigrates,e-m-e-g-s,emegs,,egims,70854
immigrating,e-m-e-g-\-h,emegg,,egimg,70854
good morning,g-m,gmu,u,gmu,70898
inappreciated,e-n-a-pr-e-sh-d,enaprezd,,adenprz,70910
questionnaires,k-sh-a2-s,qzas,,aqsz,71526
reconditioned,r-k-d-sh-d,rkdzd,,dkrz,71538
reconditioning,r-k-d-sh-\-h,rkdzg,,dgkrz,71538
reconditions,r-k-d-sh-s,rkdzs,,dkrsz,71538
templated,tm-pl-a-d,tmplad,,adlmpt,71659
templates,tm-pl-a-s,tmplas,,almpst,71659
templating,tm-pl-a-\-h,tmplag,,aglmpt,71659
to be,t-b,tb,,bct,71706
you can,u-k,uk,,cku,71882
